Gene,SNP,Location(GRCh38),Location(GRCh37),Major/MinorAlleles,Minor allele frequency
IRS1,rs1801278,chr2:226795828,chr2:227660544,C/T,"T=0.062104 (Global, dbSNP)"
TAS1R2,rs35874116,chr1:18854899,chr1:19181393,T/C,"C=0.319942 (Global, dbSNP)"
SLC2A2,rs5400,chr3:171014511,chr3:170732300,C/T,"A=0.144110 (Global, dbSNP)"
SLC2A4,rs5417,chr17:7281743,chr17:7185062,A/C,"C=0.427599 (Global, dbSNP)"
SLC2A4,rs5418,chr17:7281773,chr17:7185092,A/G,"G=0.434188 (Global, dbSNP)"
MC4R,rs12970134,chr18:60217517,chr18:57884750,G/A,"A=0.252985(Global, dbSNP/ALFA)"
FTO,rs1421085,chr16:53767042,chr16:53800954,T/C,"C=0.391113(Global, dbSNP/ALFA)"
IRS1,rs2943641,chr2:226229029 ,chr2:227093745,C/T,"T=0.344492(Global, dbSNP/ALFA)"
SPON1,rs7102710,chr11:14244067,chr11:14265613,T/C,"C=0.058070(Global, dbSNP/ALFA)"
SLC5A1,rs17683430,chr22:32091713,chr22:32487700,G/A,"A=0.060879, C=0.000000(Global, dbSNP/ALFA)"
FTO,rs9939609,chr16:53786615,chr16:53820527,T/A,"A=0.39857(Global, dbSNP/ALFA)"
FTO,rs17817449,chr16:53779455,chr16:53813367,T/G,"A=0.000000, G=0.389389(Global, dbSNP/ALFA)"
FTO,rs1558902,chr16:53769662,chr16:53803574,T/A,"A=0.38987(Global, dbSNP/ALFA)"
ADIPOQ,rs17300539,chr3:186841671,chr3:186559460,G/A,"A=0.075312(Global, dbSNP/ALFA)"
MC4R,rs17782313,chr18:60183864,chr18:57851097,T/C,"C=0.229936(Global, dbSNP/ALFA)"
ADRB3,rs4994,chr8:37966280,chr8:37823798,T/C,"G=0.075932(Global, dbSNP/ALFA)"
CLOCK,rs1801260,chr4:55435202 ,chr4:56301369,T/C,"G=0.268097(Global, dbSNP/ALFA)"